{"cameraMode":{"drawMode":0,"name":"Shaded","section":"Shading Mode"},"sceneLighting":true,"audioPlay":false,"sceneViewState":{"showFog":true,"showMaterialUpdate":false,"showSkybox":true,"showFlares":true,"showImageEffects":true,"showParticleSystems":true},"in2DMode":false,"pivot":{"x":-2.8965563774108888,"y":1.5516011714935303,"z":-0.8091628551483154},"rotation":{"x":-0.11406565457582474,"y":0.8756734132766724,"z":-0.2525716722011566,"w":-0.39547038078308108},"size":6.0073957443237309,"orthographic":false}